timestamp,user_id,question,category,document_titles,document_contents,document_scores,generated_answer,user_rating
"28.07.2025 16:56:48","1642030274","Что понимается под термином «документированная информация» в правилах организации?","Учебная_база","ПВ-5-2023. ПРАВИЛА ОРГАНИЗАЦИИ. УПРАВЛЕНИЕ ДОКУМЕНТИРОВАННОЙ ИНФОРМАЦИЕЙ
-----------  
РК-8-2024. ПРАВИЛА ОРГАНИЗАЦИИ. РУКОВОДСТВО ПО КАЧЕСТВУ РАБОТ ПО ПОВЕРКЕ СРЕДСТВ ИЗМЕРЕНИЙ
-----------  
СТО 070-006-2017. Система менеджмента. УПРАВЛЕНИЕ ДОКУМЕНТИРОВАННОЙ ИНФОРМАЦИЕЙ","Термин является одним из общих терминов, определенных для стандартов ИСО на системы менеджмента, приведенных в приложении SL к Сводным дополнениям ИСО Директив ИСО/МЭК, часть 1.
Документооборот (обращение документации) — Движение документированной информации в организации с момента ее создания или получения до завершения исполнения или отправления
Доступ к документированной информации — Возможность и условия получения и использования документированной информации;
Дубликат документа — Повторный э...
-----------  
Рабочий порядок хранения и архивирования электронных документов и записей
ПР-5-1000-2023
Инструкция по восстановлению документированной информации И 070-005-2019
Записи/документы:
Структура ЗАО «М-Стандарт»
Номенклатура дел ЗАО «М-Стандарт»

Управление документированной информацией (документацией)
№	Раздел документа о требованиях	Реализуемый в деятельности принцип (требование)	Реализация	Примечание (в т.ч. информация о связанном документе)
1	46.7
(Критерии аккредитации)	Систему управления докуме...
-----------  
3. Документы ЗАО «М-Стандарт» идентифицируют утверждение (одобрение, подписание) в форме собственноручной подписи (подписей) или усиленной квалифицированной электронной подписи (подписей) в самом документе или непосредственно связанном с его принятием организационно – распорядительном документе.
4. Документы являются видом документированной информации.
3.10 документированная информация (термин используется в рамках деятельности ЗАО «М-Стандарт» в т.ч. для определения понятия «документация»): инф...","0.719532
-------  
0.683661
-------  
0.68103","Вы хотите знать точное определение термина "документированная информация", которое применяется в вашей организации?

Ответ:
Документированная информация в контексте работы нашего предприятия определяется как зафиксированные на материальном носителе данные с реквизитами, позволяющими однозначно установить эту информацию. Она включает в себя любые виды сведений, используемые в работе компании, будь то документация, отчёты, протоколы или другие формы фиксации данных. 

Это определение взято из документа **ПВ-5-2023** ("Правила организации. Управление документированной информацией").

Предупреждение: пожалуйста, перепроверяйте мою интерпретацию с оригиналом документа.

Оцените мой ответ от 1 до 5. Это важно для тестирования.","5"
